[{"model": "admissions.programs", "pk": 1, "fields": {"pro_name": "HSC", "pro_status": "active", "pro_year": "2024-25"}}, {"model": "admissions.programs", "pk": 2, "fields": {"pro_name": "Degree", "pro_status": "active", "pro_year": null}}, {"model": "admissions.degreeprograms", "pk": 1, "fields": {"deg_name": "Ba", "deg_status": "active", "deg_year": "2025"}}, {"model": "admissions.degreeprograms", "pk": 2, "fields": {"deg_name": "Bsc", "deg_status": "active", "deg_year": null}}, {"model": "admissions.degreeprograms", "pk": 3, "fields": {"deg_name": "Bbs", "deg_status": "active", "deg_year": null}}, {"model": "admissions.degreeprograms", "pk": 4, "fields": {"deg_name": "Bss", "deg_status": "active", "deg_year": null}}, {"model": "admissions.session", "pk": 1, "fields": {"ses_name": "2024-2025", "ses_status": "active"}}, {"model": "admissions.session", "pk": 2, "fields": {"ses_name": "2025-2026", "ses_status": "active"}}, {"model": "admissions.session", "pk": 3, "fields": {"ses_name": "2026-2027", "ses_status": "active"}}, {"model": "admissions.session", "pk": 4, "fields": {"ses_name": "2027-2028", "ses_status": "active"}}, {"model": "admissions.session", "pk": 5, "fields": {"ses_name": "2028-2029", "ses_status": "active"}}, {"model": "admissions.session", "pk": 6, "fields": {"ses_name": "2029-2030", "ses_status": "active"}}, {"model": "admissions.session", "pk": 7, "fields": {"ses_name": "2030-2031", "ses_status": "active"}}, {"model": "admissions.session", "pk": 8, "fields": {"ses_name": "2031-2032", "ses_status": "active"}}, {"model": "admissions.session", "pk": 9, "fields": {"ses_name": "2032-2033", "ses_status": "active"}}, {"model": "admissions.session", "pk": 10, "fields": {"ses_name": "2033-2034", "ses_status": "active"}}, {"model": "admissions.session", "pk": 11, "fields": {"ses_name": "2034-2035", "ses_status": "active"}}, {"model": "admissions.session", "pk": 12, "fields": {"ses_name": "2035-2036", "ses_status": "active"}}, {"model": "admissions.degreesession", "pk": 1, "fields": {"ses_name": "2024-2025", "ses_status": "active"}}, {"model": "admissions.degreesession", "pk": 2, "fields": {"ses_name": "2025-2026", "ses_status": "active"}}, {"model": "admissions.group", "pk": 1, "fields": {"group_name": "science"}}, {"model": "admissions.group", "pk": 3, "fields": {"group_name": "commerce"}}, {"model": "admissions.group", "pk": 4, "fields": {"group_name": "arts"}}, {"model": "admissions.group", "pk": 5, "fields": {"group_name": "Ba"}}, {"model": "admissions.group", "pk": 6, "fields": {"group_name": "Bss"}}, {"model": "admissions.group", "pk": 7, "fields": {"group_name": "Bbs"}}, {"model": "admissions.group", "pk": 8, "fields": {"group_name": "Bsc"}}, {"model": "admissions.subjects", "pk": 4, "fields": {"sub_name": "Physics", "group": "science", "code": "174 - 175", "sub_select": "optional", "limit": null, "used_count": 0, "sub_status": "active"}}, {"model": "admissions.subjects", "pk": 5, "fields": {"sub_name": "Chemistry", "group": "science", "code": "176 - 177", "sub_select": "optional", "limit": null, "used_count": 0, "sub_status": "active"}}, {"model": "admissions.subjects", "pk": 6, "fields": {"sub_name": "Biology", "group": "science", "code": "178 - 179", "sub_select": "main,fourth", "limit": null, "used_count": 8, "sub_status": "active"}}, {"model": "admissions.subjects", "pk": 9, "fields": {"sub_name": "Higher Math", "group": "science", "code": "265 - 266", "sub_select": "main,fourth", "limit": null, "used_count": 4, "sub_status": "active"}}, {"model": "admissions.subjects", "pk": 16, "fields": {"sub_name": "Accounting", "group": "commerce", "code": "253 - 254", "sub_select": "optional", "limit": null, "used_count": 0, "sub_status": "active"}}, {"model": "admissions.subjects", "pk": 17, "fields": {"sub_name": "Business Organization and Management", "group": "commerce", "code": "277 - 278", "sub_select": "optional", "limit": null, "used_count": 0, "sub_status": "active"}}, {"model": "admissions.subjects", "pk": 21, "fields": {"sub_name": "Production Management and Marketing", "group": "commerce", "code": "286 - 287", "sub_select": "optional", "limit": null, "used_count": 2, "sub_status": "active"}}, {"model": "admissions.subjects", "pk": 22, "fields": {"sub_name": "Finance, Banking and Insurance", "group": "commerce", "code": "292 - 293", "sub_select": "", "limit": null, "used_count": 1, "sub_status": "active"}}, {"model": "admissions.subjects", "pk": 23, "fields": {"sub_name": "Statistics", "group": "commerce", "code": "129 - 130", "sub_select": "main,fourth", "limit": 10, "used_count": 6, "sub_status": "active"}}, {"model": "admissions.subjects", "pk": 24, "fields": {"sub_name": "Bangla", "group": null, "code": "101 - 102", "sub_select": "all", "limit": null, "used_count": 0, "sub_status": "active"}}, {"model": "admissions.subjects", "pk": 25, "fields": {"sub_name": "English", "group": null, "code": "107 - 108", "sub_select": "all", "limit": null, "used_count": 0, "sub_status": "active"}}, {"model": "admissions.subjects", "pk": 26, "fields": {"sub_name": "ICT", "group": null, "code": "275", "sub_select": "all", "limit": null, "used_count": 0, "sub_status": "active"}}, {"model": "admissions.subjects", "pk": 30, "fields": {"sub_name": "Economics", "group": "arts", "code": "109 - 110", "sub_select": "optional", "limit": 70, "used_count": 3, "sub_status": "active"}}, {"model": "admissions.subjects", "pk": 34, "fields": {"sub_name": "Civics and Good Governance", "group": "arts", "code": "269 - 270", "sub_select": "optional2", "limit": 160, "used_count": 3, "sub_status": "active"}}, {"model": "admissions.subjects", "pk": 38, "fields": {"sub_name": "Sociology", "group": "arts", "code": "117 - 118", "sub_select": "optional", "limit": 115, "used_count": 1, "sub_status": "active"}}, {"model": "admissions.subjects", "pk": 40, "fields": {"sub_name": "Islamic History and Culture", "group": "arts", "code": "267 - 268", "sub_select": "main", "limit": 115, "used_count": 3, "sub_status": "active"}}, {"model": "admissions.subjects", "pk": 44, "fields": {"sub_name": "Geography and Environment", "group": "arts", "code": "125 - 126", "sub_select": "optional2", "limit": 140, "used_count": 1, "sub_status": "active"}}, {"model": "admissions.subjects", "pk": 48, "fields": {"sub_name": "Logic", "group": "arts", "code": "121 - 122", "sub_select": "main", "limit": 70, "used_count": 2, "sub_status": "active"}}, {"model": "admissions.subjects", "pk": 55, "fields": {"sub_name": "Psychology", "group": "arts", "code": "123 - 124", "sub_select": "fourth", "limit": 70, "used_count": 3, "sub_status": "active"}}, {"model": "admissions.subjects", "pk": 59, "fields": {"sub_name": "Statistics", "group": "arts", "code": "129 - 130", "sub_select": "fourth", "limit": 70, "used_count": 6, "sub_status": "active"}}, {"model": "admissions.subjects", "pk": 60, "fields": {"sub_name": "Islamic Studies", "group": "arts", "code": "249 - 250", "sub_select": "fourth", "limit": 60, "used_count": 1, "sub_status": "active"}}, {"model": "admissions.subjects", "pk": 61, "fields": {"sub_name": "Arabic", "group": "arts", "code": "133 - 134", "sub_select": "fourth", "limit": 30, "used_count": 1, "sub_status": "active"}}, {"model": "admissions.subjects", "pk": 62, "fields": {"sub_name": "Agriculture", "group": "arts", "code": "239 - 240", "sub_select": "fourth", "limit": 70, "used_count": 0, "sub_status": "active"}}, {"model": "admissions.subjects", "pk": 63, "fields": {"sub_name": "Social Work", "group": "arts", "code": "271 - 272", "sub_select": "optional", "limit": 115, "used_count": 0, "sub_status": "active"}}, {"model": "admissions.subjects", "pk": 64, "fields": {"sub_name": "History", "group": "arts", "code": "304 - 305", "sub_select": "main", "limit": 115, "used_count": 0, "sub_status": "active"}}, {"model": "admissions.subjects", "pk": 65, "fields": {"sub_name": "Agriculture", "group": "science", "code": "239 - 240", "sub_select": "fourth", "limit": null, "used_count": 0, "sub_status": "active"}}, {"model": "admissions.degreesubjects", "pk": 1, "fields": {"sub_name": "সমাজবিজ্ঞান", "group": "Ba", "code": null, "sub_status": "active"}}, {"model": "admissions.degreesubjects", "pk": 2, "fields": {"sub_name": "সমাজবিজ্ঞান", "group": "Bss", "code": null, "sub_status": "active"}}, {"model": "admissions.degreesubjects", "pk": 3, "fields": {"sub_name": "রাষ্ট্রবিজ্ঞান", "group": "Ba", "code": null, "sub_status": "active"}}, {"model": "admissions.degreesubjects", "pk": 4, "fields": {"sub_name": "রাষ্ট্রবিজ্ঞান", "group": "Bss", "code": null, "sub_status": "active"}}, {"model": "admissions.degreesubjects", "pk": 7, "fields": {"sub_name": "দর্শন", "group": "Ba", "code": null, "sub_status": "active"}}, {"model": "admissions.degreesubjects", "pk": 8, "fields": {"sub_name": "দর্শন", "group": "Bss", "code": null, "sub_status": "active"}}, {"model": "admissions.degreesubjects", "pk": 9, "fields": {"sub_name": "অর্থনীতি", "group": "Ba", "code": null, "sub_status": "active"}}, {"model": "admissions.degreesubjects", "pk": 10, "fields": {"sub_name": "অর্থনীতি", "group": "Bss", "code": null, "sub_status": "active"}}, {"model": "admissions.degreesubjects", "pk": 11, "fields": {"sub_name": "মনোবিজ্ঞান", "group": "Ba", "code": null, "sub_status": "active"}}, {"model": "admissions.degreesubjects", "pk": 12, "fields": {"sub_name": "মনোবিজ্ঞান", "group": "Bss", "code": null, "sub_status": "active"}}, {"model": "admissions.degreesubjects", "pk": 13, "fields": {"sub_name": "ভূগোল ও পরিবেশ", "group": "Ba", "code": null, "sub_status": "active"}}, {"model": "admissions.degreesubjects", "pk": 14, "fields": {"sub_name": "ভূগোল ও পরিবেশ", "group": "Bss", "code": null, "sub_status": "active"}}, {"model": "admissions.degreesubjects", "pk": 15, "fields": {"sub_name": "ইসলামের ইতিহাস ও সংস্কৃতি", "group": "Ba", "code": null, "sub_status": "active"}}, {"model": "admissions.degreesubjects", "pk": 16, "fields": {"sub_name": "ইসলামের ইতিহাস ও সংস্কৃতি", "group": "Bss", "code": null, "sub_status": "active"}}, {"model": "admissions.degreesubjects", "pk": 17, "fields": {"sub_name": "পদার্থবিজ্ঞান", "group": "Bsc", "code": null, "sub_status": "active"}}, {"model": "admissions.degreesubjects", "pk": 18, "fields": {"sub_name": "রসায়ন", "group": "Bsc", "code": null, "sub_status": "active"}}, {"model": "admissions.degreesubjects", "pk": 19, "fields": {"sub_name": "গণিত", "group": "Bsc", "code": null, "sub_status": "active"}}, {"model": "admissions.degreesubjects", "pk": 20, "fields": {"sub_name": "ফিন্যান্স এবং ব্যাংকিং", "group": "Bbs", "code": null, "sub_status": "active"}}, {"model": "admissions.degreesubjects", "pk": 21, "fields": {"sub_name": "হিসাববিজ্ঞান", "group": "Bbs", "code": null, "sub_status": "active"}}, {"model": "admissions.degreesubjects", "pk": 22, "fields": {"sub_name": "মার্কেটিং", "group": "Bbs", "code": null, "sub_status": "active"}}, {"model": "admissions.degreesubjects", "pk": 23, "fields": {"sub_name": "ব্যবস্থাপনা", "group": "Bbs", "code": null, "sub_status": "active"}}, {"model": "admissions.fee", "pk": 1, "fields": {"fee_session": 1, "fee_program": 1, "fee_group": 1, "amount": 1400}}, {"model": "admissions.fee", "pk": 2, "fields": {"fee_session": 2, "fee_program": 1, "fee_group": 1, "amount": 1550}}, {"model": "admissions.fee", "pk": 3, "fields": {"fee_session": 1, "fee_program": 1, "fee_group": 3, "amount": 1111}}, {"model": "admissions.fee", "pk": 4, "fields": {"fee_session": 2, "fee_program": 1, "fee_group": 3, "amount": 1222}}, {"model": "admissions.fee", "pk": 5, "fields": {"fee_session": 1, "fee_program": 1, "fee_group": 4, "amount": 800}}, {"model": "admissions.fee", "pk": 6, "fields": {"fee_session": 2, "fee_program": 1, "fee_group": 4, "amount": 900}}, {"model": "accounts.user", "fields": {"password": "pbkdf2_sha256$1000000$NCPlVeDDdQJwkNqcj28zsc$qoYQKD29fZKAhjTCrlc/qPfmR7WnmBJ/YR/h5fHWz0M=", "last_login": "2025-08-31T08:42:22.488Z", "is_superuser": true, "phone_number": "8801920693720", "email": null, "is_active": true, "is_staff": true, "role": "admin", "otp_code": null, "otp_created_at": null, "otp_last_sent": null, "otp_send_count": 0, "otp_send_count_reset": null, "groups": [], "user_permissions": []}}, {"model": "accounts.user", "fields": {"password": "pbkdf2_sha256$1000000$hpPLWOgiYIVw7xAxh3NhHl$OIIKpStVU1rXf13fpSICRv5G19r3i0NZWrU4iOUUIY4=", "last_login": "2025-08-31T12:11:25.123Z", "is_superuser": false, "phone_number": "8801886693718", "email": null, "is_active": true, "is_staff": false, "role": "student", "otp_code": null, "otp_created_at": null, "otp_last_sent": null, "otp_send_count": 0, "otp_send_count_reset": null, "groups": [], "user_permissions": []}}, {"model": "accounts.user", "fields": {"password": "pbkdf2_sha256$1000000$QeCdJBrzuf09Z5gRBgWnhb$uKE0hBUP1Q2GLjEUfKwW6ZxuBe/zbW4sKQ3WNTvVgcw=", "last_login": "2025-08-31T08:48:37.796Z", "is_superuser": false, "phone_number": "8801799496930", "email": null, "is_active": true, "is_staff": false, "role": "student", "otp_code": null, "otp_created_at": null, "otp_last_sent": null, "otp_send_count": 0, "otp_send_count_reset": null, "groups": [], "user_permissions": []}}, {"model": "accounts.user", "fields": {"password": "pbkdf2_sha256$1000000$rm3FdiB90DaaZFCR6emBwQ$ZDAHE9n/4ZyKlwGY2ef8baHm/iJXdNTkfV51KmZabKI=", "last_login": null, "is_superuser": false, "phone_number": "8801920693718", "email": null, "is_active": false, "is_staff": false, "role": "student", "otp_code": "9964", "otp_created_at": "2025-08-31T12:56:30.204Z", "otp_last_sent": null, "otp_send_count": 0, "otp_send_count_reset": null, "groups": [], "user_permissions": []}}, {"model": "accounts.user", "fields": {"password": "pbkdf2_sha256$1000000$W2odk4sMaqDW3OhfY1ZT66$cTq4HvKub6pHlq6C2LI6Eaxyj6GE7ZEkjaHEWB3FeoM=", "last_login": null, "is_superuser": false, "phone_number": "8801675296129", "email": null, "is_active": false, "is_staff": false, "role": "student", "otp_code": "6699", "otp_created_at": "2025-08-31T12:58:49.261Z", "otp_last_sent": null, "otp_send_count": 0, "otp_send_count_reset": null, "groups": [], "user_permissions": []}}]